Id,Buyer User Id,Date and Time,Location,Location Id,Universe Id,Universe,Asset Id,Asset Name,Asset Type,Hold Status,Revenue,Price
rO0999miOAenRYPskzTz2w,4054851096,2025-11-30T20:34:03.021Z,Game,4924922222,Null,Null,5623008935,Bear,Pants,Released,3.0,5.0
XtlKXFQkc5oYAsjkeX1hNg,5439045710,2025-11-30T15:52:30.708Z,Website,Null,Null,Null,5626966813,Fire and water,Shirt,Released,4.0,5.0
g0kDnwbpdG2ff9s5I7QoYw,2297566392,2025-11-30T12:46:26.693Z,Website,Null,Null,Null,5593870124,[SKYLINE TROLL] Mister Barbeque,Pants,Released,4.0,5.0
Cft+9b1zkss9owJozkdjAA,7801464332,2025-11-30T02:51:33.653Z,Website,Null,Null,Null,5623008935,Bear,Pants,Released,4.0,5.0
b+0dQ4fMkGS/gFyyqPmlFg,2886453898,2025-11-30T00:44:02.780Z,Website,Null,Null,Null,5623008935,Bear,Pants,Released,4.0,5.0
h4786vLKFL41P/7oH1zIaw,5561451050,2025-11-30T00:17:05.875Z,Website,Null,Null,Null,5623008935,Bear,Pants,Released,4.0,5.0
15WyFRBYEP013z1b5vDDoQ,3494763630,2025-11-29T21:14:20.021Z,Website,Null,Null,Null,6067809533,Christmas split,Pants,Released,4.0,5.0
Ah0VHSPigJpzSBw4QHJAVg,5782750732,2025-11-29T20:46:11.751Z,Game,4924922222,Null,Null,5623008935,Bear,Pants,Released,3.0,5.0
EzLISmzWnX3II7i07yuHWA,4770386357,2025-11-29T20:31:24.250Z,Website,Null,Null,Null,5623008935,Bear,Pants,Released,4.0,5.0
Q/WTFSz9Mnxqzv5ZREyJBg,9579960797,2025-11-29T14:18:20.664Z,Website,Null,Null,Null,5623008935,Bear,Pants,Released,4.0,5.0
bIZtzparqtnW4wK8vLBCLQ,4191212400,2025-11-29T14:18:17.734Z,Website,Null,Null,Null,5623008935,Bear,Pants,Released,4.0,5.0
f5PSP/NAkGvF6wsErF2THA,2745401213,2025-11-29T13:15:54.722Z,Website,Null,Null,Null,5636311869,Blue sparkles,Shirt,Released,4.0,5.0
uAzJN1mPkaafElCirQXJkQ,2879165363,2025-11-29T12:28:32.220Z,Website,Null,Null,Null,5623008935,Bear,Pants,Released,4.0,5.0
NrUajVB4Jd/6fpQd9bZPmA,10030387331,2025-11-29T10:16:31.098Z,Website,Null,Null,Null,5623008935,Bear,Pants,Released,4.0,5.0
fWUCwojII2oyNCnTXS2Ibg,4705351969,2025-11-29T09:45:50.039Z,Website,Null,Null,Null,5623008935,Bear,Pants,Released,4.0,5.0
x6QSo1K4sLee67ysymm4uw,7734080914,2025-11-29T09:28:19.650Z,Website,Null,Null,Null,5623008935,Bear,Pants,Released,4.0,5.0
x4CPFxIcDXuFT7ULu5WjLQ,7164926362,2025-11-29T09:23:32.173Z,Website,Null,Null,Null,5623008935,Bear,Pants,Released,4.0,5.0
Ov7g9oOakJpaUFKsihiD+g,3928065420,2025-11-29T06:41:18.504Z,Website,Null,Null,Null,5623008935,Bear,Pants,Released,4.0,5.0
xPiCiYqTxszCJ60RytgsYA,8676580496,2025-11-29T05:38:32.371Z,Website,Null,Null,Null,5636311869,Blue sparkles,Shirt,Released,4.0,5.0
yPujgQf9xSSt0/awTLDBSA,1151554583,2025-11-29T05:34:05.984Z,Game,7041939546,Null,Null,5547137496,[SKYLINE MUSIC] Beat Pants,Pants,Released,4.0,7.0
OSRlFqWWY8V7C9El9FueaQ,6080578739,2025-11-28T20:33:39.161Z,Website,Null,Null,Null,5623008935,Bear,Pants,Released,4.0,5.0
DDkK2ox8XsjU0E5+Lnc44g,7214555848,2025-11-28T17:16:47.285Z,Website,Null,Null,Null,5623008935,Bear,Pants,Released,4.0,5.0
dotrm6jEVyKseokMAd/U6A,9584083800,2025-11-28T04:28:02.679Z,Game,7041939546,Null,Null,5623008935,Bear,Pants,Released,3.0,5.0
5Pgl+agBStnwXD0zncoyPA,7787291068,2025-11-28T01:18:52.726Z,Website,Null,Null,Null,5623008935,Bear,Pants,Released,4.0,5.0
l9uR2pWcD/ZPDktRFB/vvQ,8829599104,2025-11-27T23:39:42.840Z,Website,Null,Null,Null,5612257419,[SKYLINE AESTHETIC] Cow Print Sleeveless Tank Top,Shirt,Released,4.0,5.0
wPNs1ghDySAIxjBGslB/3w,3813735037,2025-11-27T23:09:27.923Z,Game,113578100991194,Null,Null,5623008935,Bear,Pants,Released,3.0,5.0
m+hVedEy5sJaLX2b3X115A,8249646469,2025-11-27T19:46:13.539Z,Website,Null,Null,Null,5623008935,Bear,Pants,Released,4.0,5.0
mLL/tVkYCoc22EuEsYqqog,7100651635,2025-11-27T16:04:58.091Z,Website,Null,Null,Null,5623008935,Bear,Pants,Released,4.0,5.0
MMxv0+C6G0S7U4xP+vvzFw,9403953624,2025-11-27T11:48:19.457Z,Website,Null,Null,Null,5636311869,Blue sparkles,Shirt,Released,4.0,5.0
DXDBOY9pzdF4Dgxl32/6Kw,1488509315,2025-11-26T18:18:32.615Z,Website,Null,Null,Null,5623008935,Bear,Pants,Released,4.0,5.0
buMHlPM5zxpJ+WhtLKP1nw,4857599544,2025-11-26T18:09:27.620Z,Website,Null,Null,Null,5623008935,Bear,Pants,Released,4.0,5.0
16ZYNiUUCb5+S67uMfJPDA,3556514078,2025-11-26T14:10:20.350Z,Website,Null,Null,Null,5581703428,[SKYLINE FASHION] Flower Tank Top,Shirt,Released,4.0,5.0
NSHCmFSVp25hUB768u8i1A,4076995674,2025-11-26T13:10:39.979Z,Website,Null,Null,Null,5623008935,Bear,Pants,Released,4.0,5.0
Zx7s8peuMBt89piFJZokrw,3098204435,2025-11-26T08:31:23.184Z,Website,Null,Null,Null,5593870124,[SKYLINE TROLL] Mister Barbeque,Pants,Released,4.0,5.0
0Y4tJszFU4NdCjHlakD8/w,3297344570,2025-11-25T23:44:41.454Z,Website,Null,Null,Null,5581703428,[SKYLINE FASHION] Flower Tank Top,Shirt,Released,4.0,5.0
9itoOTNYfbMXg9q4Ll+l6Q,8903322723,2025-11-25T20:25:56.319Z,Website,Null,Null,Null,5623008935,Bear,Pants,Released,4.0,5.0
c0t8eetNEUkp3mZ8qQOgLQ,8966706554,2025-11-25T17:29:51.983Z,Game,7041939546,Null,Null,5623008935,Bear,Pants,Released,3.0,5.0
2KfTCWwSVnEeJOvPOQcKDg,3726703983,2025-11-25T16:32:30.848Z,Website,Null,Null,Null,5623008935,Bear,Pants,Released,4.0,5.0
7gNaH4c2jO+CySL2CysucQ,5546200817,2025-11-25T04:57:45.845Z,Website,Null,Null,Null,5623008935,Bear,Pants,Released,4.0,5.0
bCtPwgGyJ0Qb12/vUKXbGQ,7515875954,2025-11-25T00:59:57.581Z,Website,Null,Null,Null,5623008935,Bear,Pants,Released,4.0,5.0
eM4MUEK+Afs8naaWbLyiAw,9821065313,2025-11-24T20:13:21.109Z,Website,Null,Null,Null,5623008935,Bear,Pants,Released,4.0,5.0
gpEMihz5xAcE3mwwwNWz3A,5415732434,2025-11-24T18:34:30.163Z,Website,Null,Null,Null,5623008935,Bear,Pants,Released,4.0,5.0
ElqDW41959TkYEgsEn2/AQ,9627612385,2025-11-24T13:22:18.601Z,Website,Null,Null,Null,5653618537,Hybrid Slime glamour green,Pants,Released,4.0,5.0
AsjymKr8shdX+Wb81US1bw,5269062372,2025-11-24T13:20:08.724Z,Website,Null,Null,Null,5623008935,Bear,Pants,Released,4.0,5.0
lCLBG8XunTsi+NqwYc+4mw,8439849525,2025-11-24T12:49:53.808Z,Website,Null,Null,Null,5623008935,Bear,Pants,Released,4.0,5.0
mIKTf33o9zU4XJ5CGOdEXA,8392773864,2025-11-24T11:22:57.342Z,Website,Null,Null,Null,5623008935,Bear,Pants,Released,4.0,5.0
/8xcV6xZVKYbbSfpsPk5xw,6112124214,2025-11-24T02:24:43.399Z,Website,Null,Null,Null,5623008935,Bear,Pants,Released,4.0,5.0
ErvB131rPMiqsSk7QZbcPA,4724861856,2025-11-23T23:41:55.012Z,Website,Null,Null,Null,5623008935,Bear,Pants,Released,4.0,5.0
OT43divvrLQ3IVxu3xrH8g,7856965011,2025-11-23T21:48:46.076Z,Website,Null,Null,Null,5623008935,Bear,Pants,Released,4.0,5.0
h9zGKNoU8fDtx5KPkp74Zw,8871025682,2025-11-23T20:26:58.352Z,Website,Null,Null,Null,5623008935,Bear,Pants,Released,4.0,5.0
i1eSImtYJMlawEFwLrGqQQ,7985376022,2025-11-23T20:24:16.979Z,Website,Null,Null,Null,5623008935,Bear,Pants,Released,4.0,5.0
YaZQR11F0nwRxMkjCKTnIA,7680626782,2025-11-23T19:21:33.070Z,Website,Null,Null,Null,5623008935,Bear,Pants,Released,4.0,5.0
0vqfKuOn9NcA7PTTgJ+3Pg,3189801881,2025-11-23T16:59:20.946Z,Website,Null,Null,Null,5616001371,Gold And Black,Shirt,Released,4.0,5.0
73aWn/hLYXyOt/b66wqCJQ,8982207763,2025-11-23T15:52:31.512Z,Website,Null,Null,Null,5623008935,Bear,Pants,Released,4.0,5.0
SxKS6TPXg3lsFwQIgt6/Og,4534573261,2025-11-23T12:50:04.470Z,Website,Null,Null,Null,5623008935,Bear,Pants,Released,4.0,5.0
8FtanT52IgIQ6SzuKpQXOA,4498220459,2025-11-23T12:21:41.227Z,Website,Null,Null,Null,5623008935,Bear,Pants,Released,4.0,5.0
ocXbwiVBjwFh9nibEp6+ZQ,2753475747,2025-11-23T04:10:53.635Z,Game,7041939546,Null,Null,5623008935,Bear,Pants,Released,3.0,5.0
4Rbtdoj7Wh2qVPMOLGORww,9996599840,2025-11-23T00:59:12.497Z,Website,Null,Null,Null,5623008935,Bear,Pants,Released,4.0,5.0
MKpM+QAgtiosnTP1pKAQrQ,4500955216,2025-11-22T23:58:12.981Z,Website,Null,Null,Null,5623008935,Bear,Pants,Released,4.0,5.0
i/2Mh5WdeWANbLoBhDb8rQ,5839461228,2025-11-22T20:58:38.781Z,Game,8704997000,Null,Null,5623008935,Bear,Pants,Released,3.0,5.0
eWJAuNgv6jJTP4fpLmaYLg,7684621473,2025-11-22T19:42:31.529Z,Website,Null,Null,Null,5623008935,Bear,Pants,Released,4.0,5.0
NsnvlbTMAT1w2htxtuovBA,4436316932,2025-11-22T13:11:08.021Z,Website,Null,Null,Null,5623008935,Bear,Pants,Released,4.0,5.0
FwdoBRb/Cg7fvbG5QuemKA,7928094941,2025-11-22T12:26:33.373Z,Website,Null,Null,Null,5623008935,Bear,Pants,Released,4.0,5.0
p2mF71o5mq82xbCz3OyT3Q,7779755440,2025-11-22T12:13:32.175Z,Website,Null,Null,Null,5623008935,Bear,Pants,Released,4.0,5.0
LU1Fb8uCCDFxXi4aUxSD7Q,9740416006,2025-11-22T11:13:36.178Z,Website,Null,Null,Null,5623008935,Bear,Pants,Released,4.0,5.0
KsCWAybLd2VvTqJK7E3nOA,8583407061,2025-11-22T07:47:58.996Z,Website,Null,Null,Null,5623008935,Bear,Pants,Released,4.0,5.0
eGdl5aM52DcJT/ldN4IGjQ,4425878668,2025-11-22T05:11:59.675Z,Website,Null,Null,Null,5623005197,Metal emo,Pants,Released,4.0,5.0
GbOSk1V0VZ43VrMu5dJ+GQ,9978476604,2025-11-22T03:13:52.129Z,Website,Null,Null,Null,5623005197,Metal emo,Pants,Released,4.0,5.0
/rnWmOg2SpwhF8ja/koPuA,2782339727,2025-11-22T02:55:27.637Z,Website,Null,Null,Null,5623008935,Bear,Pants,Released,4.0,5.0
yUgAfsJz7TftPF30feau4w,7761726197,2025-11-21T23:53:35.371Z,Website,Null,Null,Null,5623008935,Bear,Pants,Released,4.0,5.0
ZPbusIBlWZ8sovLenznaFQ,2712295632,2025-11-21T22:50:41.273Z,Game,7041939546,Null,Null,5623008935,Bear,Pants,Released,3.0,5.0
fqMVuUpTl5DtKU//1auJwQ,9711301799,2025-11-21T22:14:42.453Z,Website,Null,Null,Null,5623008935,Bear,Pants,Released,4.0,5.0
leAwXesjjruWNj9AXRKpQQ,5524012218,2025-11-21T21:49:03.943Z,Website,Null,Null,Null,5623008935,Bear,Pants,Released,4.0,5.0
mgBLjDE6o54eGbv0mfOHgw,5753170200,2025-11-21T00:56:59.532Z,Website,Null,Null,Null,5636311869,Blue sparkles,Shirt,Released,4.0,5.0
1E7eEesyEWHhAjLKvW1QPA,3765617009,2025-11-20T20:04:21.649Z,Website,Null,Null,Null,5623008935,Bear,Pants,Released,4.0,5.0
Dv50VYz0JN10HLYnzIWF6Q,7506781853,2025-11-20T17:40:20.540Z,Game,4924922222,Null,Null,5623008935,Bear,Pants,Released,3.0,5.0
lOu/H9vJyqvLx3r1FfENwQ,9577098346,2025-11-20T15:06:52.817Z,Website,Null,Null,Null,5623008935,Bear,Pants,Released,4.0,5.0
uAiriQoRtpfW5mIN7sR9bA,9786986473,2025-11-20T09:48:42.088Z,Website,Null,Null,Null,5623008935,Bear,Pants,Released,4.0,5.0
HUVzbOkI/dpBVGN7+POxXQ,3078487826,2025-11-20T01:29:32.936Z,Website,Null,Null,Null,5623008935,Bear,Pants,Released,4.0,5.0
w4EsmWHArSuf9q9WVB8BKw,4716564525,2025-11-19T23:31:52.269Z,Game,113578100991194,Null,Null,5623008935,Bear,Pants,Released,3.0,5.0
jDRmvA4snyE/GMsI/kNbLQ,7455639174,2025-11-19T22:59:40.451Z,Website,Null,Null,Null,5623008935,Bear,Pants,Released,4.0,5.0
U1zcPhWRH935n4eEkYypjg,2595741041,2025-11-19T18:31:59.738Z,Game,4924922222,Null,Null,5616001371,Gold And Black,Shirt,Released,3.0,5.0
+bqUKkuLbfdWQe1uFV98rQ,7739057101,2025-11-19T17:56:43.774Z,Website,Null,Null,Null,6067809533,Christmas split,Pants,Released,4.0,5.0
8+pvNEHnXD8ym8aAuY8jkA,4510411516,2025-11-19T16:17:36.061Z,Website,Null,Null,Null,5623008935,Bear,Pants,Released,4.0,5.0
Ao2C0VD0g+8v/v6oBj+7xA,5113445040,2025-11-19T15:58:08.547Z,Website,Null,Null,Null,5623008935,Bear,Pants,Released,4.0,5.0
yEcR5zU2wuT0ibpT5tguMA,5794164708,2025-11-19T03:12:33.870Z,Website,Null,Null,Null,5550791337,[SKYLINE ANIMALS EDITION] Orange Bear Pants,Pants,Released,4.0,5.0
s9KR6yYtIcbneCC8NPb4kg,9618942086,2025-11-18T23:17:14.585Z,Website,Null,Null,Null,5623008935,Bear,Pants,Released,4.0,5.0
lBdnyP+de8r8gZSZrFfvXA,9720914436,2025-11-18T22:16:46.103Z,Website,Null,Null,Null,5623008935,Bear,Pants,Released,4.0,5.0
RUprK5aVfTtXovgAti5VaA,9232756786,2025-11-18T21:33:39.100Z,Website,Null,Null,Null,5623008935,Bear,Pants,Released,4.0,5.0
QKIuAoA9AC1vxEITjgcn/Q,5247173198,2025-11-18T20:18:18.363Z,Website,Null,Null,Null,5623008935,Bear,Pants,Released,4.0,5.0
LtRc1Yo+nypnenc6KnIdIg,7150636528,2025-11-18T13:34:16.048Z,Website,Null,Null,Null,5623008935,Bear,Pants,Released,4.0,5.0
WzmuEAVXIdLaZwNsUbY4ZQ,8759505777,2025-11-18T12:09:54.098Z,Website,Null,Null,Null,5623008935,Bear,Pants,Released,4.0,5.0
le2SN0Y1NnjV9CFKVs4akg,7397897755,2025-11-18T05:58:43.887Z,Website,Null,Null,Null,5623008935,Bear,Pants,Released,4.0,5.0
arj0B/PWeLc6wY2TlwbO9w,497333826,2025-11-18T05:24:18.566Z,Game,7041939546,Null,Null,5623008935,Bear,Pants,Released,3.0,5.0
wrOmqe+GH0qwkUuDOxcQ8A,9875561863,2025-11-18T03:35:16.709Z,Website,Null,Null,Null,5623008935,Bear,Pants,Released,4.0,5.0
+li7V3UJ/Exef7bI+ymL9w,2774620137,2025-11-18T01:28:46.132Z,Website,Null,Null,Null,5613942423,Royal Blue Semi off-shoulder,Shirt,Released,4.0,5.0
iKU5CBgtir26HLjeLAWFpQ,2403544085,2025-11-18T01:18:06.629Z,Website,Null,Null,Null,5623008935,Bear,Pants,Released,4.0,5.0
JF0lL9InWxgb6T/J9xodIw,7270527369,2025-11-18T00:50:30.448Z,Website,Null,Null,Null,5623008935,Bear,Pants,Released,4.0,5.0
WX1r/7ZRGrRXh78UX+iasA,9045825097,2025-11-18T00:42:46.226Z,Website,Null,Null,Null,5623008935,Bear,Pants,Released,4.0,5.0
WZFKPlDLwnZGYctV4rGHSA,9202706075,2025-11-17T21:56:07.794Z,Website,Null,Null,Null,5623008935,Bear,Pants,Released,4.0,5.0
2I9ZhyvTbw+sHZ5fY7Yowg,2386126662,2025-11-17T21:20:55.796Z,Website,Null,Null,Null,5623008935,Bear,Pants,Released,4.0,5.0
0lTIb/Bkyw/GfII2vsfTjA,4174054418,2025-11-17T20:57:33.121Z,Website,Null,Null,Null,5623008935,Bear,Pants,Released,4.0,5.0
Pq/9EgeGkyhk0cTUIXA2vQ,8436997195,2025-11-17T17:47:25.134Z,Website,Null,Null,Null,5623008935,Bear,Pants,Released,4.0,5.0
6MSxhu9t7uyaXu0EJhSI2A,5073227151,2025-11-17T15:55:38.677Z,Website,Null,Null,Null,5636311869,Blue sparkles,Shirt,Released,4.0,5.0
uFpWC3WlQ2sUNzkjp5s7ww,8505460754,2025-11-17T14:53:25.423Z,Website,Null,Null,Null,5623008935,Bear,Pants,Released,4.0,5.0
YhMqwNq/eUwNNC8W8IKbAw,2337606568,2025-11-17T14:27:06.030Z,Game,7041939546,Null,Null,5623008935,Bear,Pants,Released,3.0,5.0
rOkNAcP2QZG/sU82srf4Tw,5400627285,2025-11-17T14:26:23.870Z,Website,Null,Null,Null,5623008935,Bear,Pants,Released,4.0,5.0
PN491bj1/SXPlEGOAXq6xg,8325273351,2025-11-17T07:44:18.943Z,Website,Null,Null,Null,5623008935,Bear,Pants,Released,4.0,5.0
gNvqq7upYE9WLtSL18PWug,5161759204,2025-11-17T00:43:07.919Z,Website,Null,Null,Null,5623008935,Bear,Pants,Released,4.0,5.0
+FTW56juDGxKMZWBhkHSOg,9365649234,2025-11-17T00:30:11.478Z,Website,Null,Null,Null,5623008935,Bear,Pants,Released,4.0,5.0
4VGeObiovRNdd952e08wcg,3119373381,2025-11-16T21:55:44.759Z,Website,Null,Null,Null,5623008935,Bear,Pants,Released,4.0,5.0
mTjAbdUVzabWpTfJeUvGLg,9963660700,2025-11-16T20:34:34.084Z,Website,Null,Null,Null,5623008935,Bear,Pants,Released,4.0,5.0
JOjPkGFcYjoanp1xxnqfTg,8811436448,2025-11-16T19:35:19.958Z,Website,Null,Null,Null,5623008935,Bear,Pants,Released,4.0,5.0
f2lcTEDNb95GbATF+hn06Q,139423960,2025-11-16T19:00:16.344Z,Game,7041939546,Null,Null,6166327575,velvet,Shirt,Released,3.0,5.0
DyGmSHdIUQStSHvga/5/nw,9962150677,2025-11-16T18:22:42.395Z,Website,Null,Null,Null,5623008935,Bear,Pants,Released,4.0,5.0
xwUk41+leI/IZ11ZH35RhQ,9387964996,2025-11-16T18:06:37.152Z,Website,Null,Null,Null,5623008935,Bear,Pants,Released,4.0,5.0
VQ8QWj6DWSYNN2L59RhetQ,5170058367,2025-11-16T17:13:41.341Z,Website,Null,Null,Null,5623008935,Bear,Pants,Released,4.0,5.0
BgpShq6MOeG0Uc6YhwAAzg,8189845622,2025-11-16T16:11:32.455Z,Website,Null,Null,Null,5623008935,Bear,Pants,Released,4.0,5.0
umx7xKZuM3M5bzjYEaofXA,9481229957,2025-11-16T15:36:20.054Z,Website,Null,Null,Null,5623008935,Bear,Pants,Released,4.0,5.0
De5rH1MaHYobafjRRW+tbg,8511576379,2025-11-16T15:01:39.143Z,Website,Null,Null,Null,5623008935,Bear,Pants,Released,4.0,5.0
Zit9om14U4MLzBhMVXdZBw,2577560659,2025-11-16T13:28:19.031Z,Website,Null,Null,Null,5623008935,Bear,Pants,Released,4.0,5.0
5RZajsevJzQ5VVlmUnrBzA,9945167609,2025-11-16T11:45:29.286Z,Website,Null,Null,Null,5623008935,Bear,Pants,Released,4.0,5.0
ql8pkn7/nRgBya+crqoheQ,8840654439,2025-11-16T09:11:18.163Z,Website,Null,Null,Null,6067809533,Christmas split,Pants,Released,4.0,5.0
kCiQyJUpnKSe6PTMgTdbBg,9300909045,2025-11-16T07:48:14.377Z,Website,Null,Null,Null,5623008935,Bear,Pants,Released,4.0,5.0
1BuSWLEsXNX6pltD2uzh5A,7913909248,2025-11-16T07:14:41.879Z,Website,Null,Null,Null,5623008935,Bear,Pants,Released,4.0,5.0
5gGgBfZOsZgIbP1JEVHZ+g,4632563345,2025-11-16T07:12:29.380Z,Website,Null,Null,Null,5623008935,Bear,Pants,Released,4.0,5.0
2hg5CDxHekiYjlEuNpYtwg,3410164194,2025-11-16T06:00:11.282Z,Website,Null,Null,Null,5623008935,Bear,Pants,Released,4.0,5.0
CLGuX+gch1N7YW2KD0BdSw,8799610620,2025-11-16T04:37:33.945Z,Website,Null,Null,Null,5623008935,Bear,Pants,Released,4.0,5.0
OH9JJmXMD7KhVDyQoRzZPw,9707464347,2025-11-16T01:33:50.525Z,Website,Null,Null,Null,5623008935,Bear,Pants,Released,4.0,5.0
kBC8by0ImgzfVjJnABDD0A,9513112286,2025-11-16T01:17:19.745Z,Website,Null,Null,Null,5623008935,Bear,Pants,Released,4.0,5.0
rAp4MnBTbpVC4/W+NPeUgg,7673368706,2025-11-16T00:40:12.364Z,Website,Null,Null,Null,5623008935,Bear,Pants,Released,4.0,5.0
T9oYvGzYhU2sT6nQsTxK6w,8164108987,2025-11-15T23:32:10.057Z,Website,Null,Null,Null,5623008935,Bear,Pants,Released,4.0,5.0
9wf/mymLf6lrBlDK3B60AQ,7539738364,2025-11-15T21:14:27.443Z,Website,Null,Null,Null,5623008935,Bear,Pants,Released,4.0,5.0
hWcIk2DgYD6Y/mndN57XlA,6099091825,2025-11-15T20:40:25.530Z,Game,920587237,Null,Null,5623008935,Bear,Pants,Released,3.0,5.0
QUwbpkSmfa20ny2efr8Xtw,2967767985,2025-11-15T17:40:05.083Z,Website,Null,Null,Null,5623008935,Bear,Pants,Released,4.0,5.0
58aWWtM7KwMd0JEh8shcvA,7577099909,2025-11-15T17:35:00.398Z,Website,Null,Null,Null,5623008935,Bear,Pants,Released,4.0,5.0
phb9yXD37LK2MWRAC+tdUg,4151545140,2025-11-15T16:35:49.922Z,Website,Null,Null,Null,5623008935,Bear,Pants,Released,4.0,5.0
zEqIHT/eqXlDRb+2hEmlCA,2309979377,2025-11-15T16:01:24.972Z,Website,Null,Null,Null,5623008935,Bear,Pants,Released,4.0,5.0
1BDw0cRZ0NWCSfeEkV4rfg,7023928329,2025-11-15T16:00:55.312Z,Website,Null,Null,Null,5623008935,Bear,Pants,Released,4.0,5.0
M8AhF1/uq4HFT8C3LdOeWQ,9947674209,2025-11-15T15:37:59.052Z,Website,Null,Null,Null,5623008935,Bear,Pants,Released,4.0,5.0
I8kf4yvROCePHzzo6ZJ3PA,9656267868,2025-11-15T14:13:54.343Z,Website,Null,Null,Null,5623008935,Bear,Pants,Released,4.0,5.0
CaeC4UIsk5UpglO+7xKZqg,3000477567,2025-11-15T14:10:04.026Z,Website,Null,Null,Null,5623008935,Bear,Pants,Released,4.0,5.0
26UOKTv+jJazdq3btzNKSg,3996616855,2025-11-15T13:08:45.493Z,Website,Null,Null,Null,5623008935,Bear,Pants,Released,4.0,5.0
94U3D9yuCCX8CM/V2D6cOQ,5807625261,2025-11-15T12:13:48.839Z,Website,Null,Null,Null,5623008935,Bear,Pants,Released,4.0,5.0
paDWQSvyglyHQ/4Xsq3xsg,9301447862,2025-11-15T10:44:49.840Z,Website,Null,Null,Null,5623008935,Bear,Pants,Released,4.0,5.0
Q2LOZFfcz8yP4B028LzU4A,4433182581,2025-11-15T10:08:46.850Z,Website,Null,Null,Null,5623008935,Bear,Pants,Released,4.0,5.0
NfKCmF+EJ4CwSwcAdgoz9Q,5397773138,2025-11-15T09:38:46.414Z,Website,Null,Null,Null,5623008935,Bear,Pants,Released,4.0,5.0
3FYf1twQO+Kdgp6RVlC+LQ,3178982112,2025-11-15T09:26:03.940Z,Website,Null,Null,Null,5623008935,Bear,Pants,Released,4.0,5.0
LxWZWAHlVil+Jr0ecA1arQ,2364163955,2025-11-15T09:14:51.879Z,Website,Null,Null,Null,5626966813,Fire and water,Shirt,Released,4.0,5.0
cMYwCzdk7qBTY2cnT3nt4w,7365967373,2025-11-15T09:13:03.810Z,Website,Null,Null,Null,5623008935,Bear,Pants,Released,4.0,5.0
h/IWR+Gc5x5NUK/2+naLGA,9645470534,2025-11-15T08:55:42.751Z,Website,Null,Null,Null,5623008935,Bear,Pants,Released,4.0,5.0
IwDlGBM1iWQaqJV1R35WwQ,4739286052,2025-11-15T06:50:49.220Z,Website,Null,Null,Null,5623008935,Bear,Pants,Released,4.0,5.0
g5jG58UNVmRYv+vvLvWKoQ,6155304024,2025-11-15T02:49:02.101Z,Website,Null,Null,Null,5623008935,Bear,Pants,Released,4.0,5.0
L406+Xt3rp/JgYH4RHOP4g,8940642170,2025-11-15T01:16:34.743Z,Website,Null,Null,Null,5623008935,Bear,Pants,Released,4.0,5.0
UsWqqSvKnbHnauJNyytPSw,7892374006,2025-11-14T22:50:38.980Z,Website,Null,Null,Null,5623008935,Bear,Pants,Released,4.0,5.0
T0lvOEO/MEtg9FQPGPDfhQ,1387583432,2025-11-14T22:04:22.154Z,Website,Null,Null,Null,5636311869,Blue sparkles,Shirt,Released,4.0,5.0
8jtV0NGOUFhQ82e6fbqG2w,3522566617,2025-11-14T19:42:34.672Z,Website,Null,Null,Null,5623008935,Bear,Pants,Released,4.0,5.0
8kmuWOzYxgJtbCDZbLz6Eg,8746854242,2025-11-14T16:48:03.091Z,Website,Null,Null,Null,5623008935,Bear,Pants,Released,4.0,5.0
8aBo8h4T99F6w5a+hYKfLg,7964187041,2025-11-14T16:22:43.540Z,Website,Null,Null,Null,5623008935,Bear,Pants,Released,4.0,5.0
THoRywQtZJD4XUE3iv/tSw,3283140440,2025-11-14T15:41:44.671Z,Website,Null,Null,Null,5623008935,Bear,Pants,Released,4.0,5.0
+ls6lNnWH31NIHN+uc8KPw,3166071513,2025-11-14T12:10:38.134Z,Website,Null,Null,Null,5623008935,Bear,Pants,Released,4.0,5.0
32TfYGZanyUmOKC5jjsIIg,8134815789,2025-11-14T08:13:43.607Z,Website,Null,Null,Null,5623008935,Bear,Pants,Released,4.0,5.0
5LvRwpkbUOhKEADg2TWLmQ,9407634931,2025-11-14T08:08:59.061Z,Website,Null,Null,Null,5555973387,[SKYLINE ANIMALS EDITION] Green Frog Pants,Pants,Released,4.0,5.0
ZQB6RhZIg+hbHjZUXIpFUQ,8088444584,2025-11-14T04:17:43.075Z,Website,Null,Null,Null,5623008935,Bear,Pants,Released,4.0,5.0
XDUH8OKop1bZeZT9bW3rVQ,3449523556,2025-11-14T00:33:27.534Z,Website,Null,Null,Null,6067809533,Christmas split,Pants,Released,4.0,5.0
H7xoEfQfZO1IVhbWcX+hUA,3456612002,2025-11-13T22:28:25.006Z,Game,7041939546,Null,Null,5653624155,Hybrid red eternal phoenix,Pants,Released,3.0,5.0
b3MwXQd9lacep8siwJb+/A,8002653390,2025-11-13T22:16:24.698Z,Website,Null,Null,Null,5623008935,Bear,Pants,Released,4.0,5.0
CqijI/FSuF+bV7JZM9HVZg,9522632143,2025-11-13T19:41:21.954Z,Game,7041939546,Null,Null,5623008935,Bear,Pants,Released,3.0,5.0
9njIBykh06VJAKQBQ/xrzw,8693001792,2025-11-13T18:39:47.293Z,Website,Null,Null,Null,5623008935,Bear,Pants,Released,4.0,5.0
X9mFUr0C4U7L4XeQutyeVA,5128140748,2025-11-13T17:08:37.436Z,Website,Null,Null,Null,5623008935,Bear,Pants,Released,4.0,5.0
nrXyIJ1Lne05p196MlfDow,5262944698,2025-11-13T13:01:36.434Z,Website,Null,Null,Null,5623008935,Bear,Pants,Released,4.0,5.0
bMOZTksk0oGdGuQsTeFatw,7760402440,2025-11-13T09:25:05.585Z,Website,Null,Null,Null,5623008935,Bear,Pants,Released,4.0,5.0
3iprN59wueYDNl6Y2jFu2w,4945984579,2025-11-13T06:31:20.748Z,Website,Null,Null,Null,5623008935,Bear,Pants,Released,4.0,5.0
Vr7hRD9Pgdm8hl9Vs43dDw,5767436870,2025-11-13T02:35:28.882Z,Website,Null,Null,Null,5623008935,Bear,Pants,Released,4.0,5.0
nsyo7US2GEI2q6w0XfB6zw,9930185372,2025-11-13T02:14:49.761Z,Website,Null,Null,Null,5623008935,Bear,Pants,Released,4.0,5.0
vNtbcXK68WouLgU+AB3BZQ,2289256884,2025-11-13T00:52:38.435Z,Website,Null,Null,Null,5623008935,Bear,Pants,Released,4.0,5.0
6wEMfi6lNsIlhaMh4U4epQ,4699964112,2025-11-12T23:23:02.558Z,Website,Null,Null,Null,5623008935,Bear,Pants,Released,4.0,5.0
uC1fvRAGj0T0eTOlh06iXQ,7912118094,2025-11-12T22:01:48.098Z,Website,Null,Null,Null,5623008935,Bear,Pants,Released,4.0,5.0
u9zShjOkrYhsavBwhB1RxQ,7375823757,2025-11-12T17:33:40.115Z,Website,Null,Null,Null,5623008935,Bear,Pants,Released,4.0,5.0
ve1QeBJTTOla4AtnWlLB4A,7900007492,2025-11-12T17:19:58.157Z,Website,Null,Null,Null,5623008935,Bear,Pants,Released,4.0,5.0
2c9Qq7Ht7xansbxIL98cow,9916562932,2025-11-12T15:07:09.081Z,Website,Null,Null,Null,5623008935,Bear,Pants,Released,4.0,5.0
rzaqLy6OcyRgRjSail+tzg,9340894504,2025-11-12T14:17:35.856Z,Website,Null,Null,Null,5623008935,Bear,Pants,Released,4.0,5.0
phfsCKBXcIi0HzQGge6DRg,8175382133,2025-11-12T13:12:01.608Z,Website,Null,Null,Null,5623008935,Bear,Pants,Released,4.0,5.0
CLms7rubkDVEI9JwTzOJjA,9079305702,2025-11-12T12:53:18.403Z,Website,Null,Null,Null,5623008935,Bear,Pants,Released,4.0,5.0
eRM433NjxwU2JmTmcCpZWQ,7825597981,2025-11-12T09:26:39.004Z,Website,Null,Null,Null,5623008935,Bear,Pants,Released,4.0,5.0
Sdl1+ciybG2lw5T9Vlp13g,8964930271,2025-11-12T09:14:20.651Z,Website,Null,Null,Null,5623008935,Bear,Pants,Released,4.0,5.0
UinWRwPwRL5AoWDVJbsrKA,2693248994,2025-11-12T08:51:42.417Z,Website,Null,Null,Null,5623008935,Bear,Pants,Released,4.0,5.0
/ZbGYItqZ3/4+/CmhfIM5Q,3227850250,2025-11-12T06:58:41.279Z,Website,Null,Null,Null,5623008935,Bear,Pants,Released,4.0,5.0
9hxJxYedgoQ0zMiB703yNg,8142290694,2025-11-12T06:30:17.886Z,Website,Null,Null,Null,6067809533,Christmas split,Pants,Released,4.0,5.0
3GzPrXzUGuY+uom9dlzl0g,2687579762,2025-11-12T00:49:28.096Z,Website,Null,Null,Null,6067809533,Christmas split,Pants,Released,4.0,5.0
cSqketWdLRzeIZmtahDVTg,1785477181,2025-11-11T21:30:41.736Z,Website,Null,Null,Null,6067809533,Christmas split,Pants,Released,4.0,5.0
5VqFrbfCDkLXiSNZD/8vbw,4419059817,2025-11-11T21:12:04.565Z,Website,Null,Null,Null,5806778811,[🔥ORIGINAL ANIME🖤] Asta Gojo,Pants,Released,5.0,7.0
78RaKJAi3l55P/rgB9zufA,1089569915,2025-11-11T18:57:58.828Z,Website,Null,Null,Null,5623008935,Bear,Pants,Released,4.0,5.0
O2Xs3ObP7eQPh4vWAjNxYQ,3152784390,2025-11-11T18:38:00.762Z,Website,Null,Null,Null,6067809533,Christmas split,Pants,Released,4.0,5.0
jq2gThJSvRW74qsAa/h7DA,6110826197,2025-11-11T17:48:15.177Z,Website,Null,Null,Null,5623008935,Bear,Pants,Released,4.0,5.0
KW1GjctEzBH2/hikUKV03w,9681080375,2025-11-11T16:58:52.440Z,Game,4924922222,Null,Null,5623008935,Bear,Pants,Released,3.0,5.0
KvRheUWWz9SH2ZoCzXnRFg,3594056105,2025-11-11T15:59:47.089Z,Website,Null,Null,Null,5623008935,Bear,Pants,Released,4.0,5.0
9np+TI4XYlOL9HgDJ4mdIg,4173066503,2025-11-11T15:45:34.923Z,Website,Null,Null,Null,5623008935,Bear,Pants,Released,4.0,5.0
PzhR6Ns7LPfVIsnf7a9imA,3253272583,2025-11-11T13:26:32.787Z,Website,Null,Null,Null,5614148792,Colorful,Pants,Released,4.0,5.0
49/TkABX0Bd5/iuhssV2Xw,8139509240,2025-11-11T12:35:15.977Z,Website,Null,Null,Null,5623008935,Bear,Pants,Released,4.0,5.0
7VRmsaTBhMu+E1q+p4FlnA,5503118915,2025-11-11T12:03:25.634Z,Website,Null,Null,Null,5623008935,Bear,Pants,Released,4.0,5.0
Exf29YbM52qqNVONrIy5Tg,9056368336,2025-11-11T10:47:37.950Z,Website,Null,Null,Null,5623008935,Bear,Pants,Released,4.0,5.0
Rn5DO2n3Gxel/nLHmFS4HA,7751365253,2025-11-11T05:12:18.477Z,Game,4924922222,Null,Null,5623008935,Bear,Pants,Released,3.0,5.0
V73wIrDitZVsPhYMWXN6JA,7470839049,2025-11-11T02:36:57.014Z,Website,Null,Null,Null,5623008935,Bear,Pants,Released,4.0,5.0
K8QyCaG0JXSNj6UCJoIttA,8940111076,2025-11-11T01:27:01.717Z,Website,Null,Null,Null,5623008935,Bear,Pants,Released,4.0,5.0
vlnYtXcob91v4XgnD3xbpA,5842761267,2025-11-11T00:55:08.927Z,Website,Null,Null,Null,5623008935,Bear,Pants,Released,4.0,5.0
1ar9wXHAWqkyHjA2VuOhsA,9653274656,2025-11-11T00:33:02.043Z,Website,Null,Null,Null,6067809533,Christmas split,Pants,Released,4.0,5.0
/3rk1jA+CPtbrH2oguoKow,2718156664,2025-11-11T00:32:51.666Z,Website,Null,Null,Null,6067809533,Christmas split,Pants,Released,4.0,5.0
00ZBn2b8COl6/997/2HQyA,5178300995,2025-11-11T00:08:15.982Z,Website,Null,Null,Null,5623008935,Bear,Pants,Released,4.0,5.0
TXg9zgqJlXkEH47GueN8lw,4827848395,2025-11-10T23:58:55.719Z,Website,Null,Null,Null,5623008935,Bear,Pants,Released,4.0,5.0
BMsUj5HKSngy4G71+qcXzA,4818497577,2025-11-10T22:25:32.008Z,Website,Null,Null,Null,5623008935,Bear,Pants,Released,4.0,5.0
HuJ+olJWMkGk9BDQZsoVbQ,4304861749,2025-11-10T22:09:10.234Z,Website,Null,Null,Null,5623008935,Bear,Pants,Released,4.0,5.0
htPqW+siY/hd7RbCsCof6A,8082912722,2025-11-10T21:04:20.532Z,Website,Null,Null,Null,5623008935,Bear,Pants,Released,4.0,5.0
EGEz7steO4GTzWCwt2SXKw,7789740862,2025-11-10T20:43:02.524Z,Website,Null,Null,Null,5623008935,Bear,Pants,Released,4.0,5.0
2qDBa0bxGclsOArhotIUPg,3195586788,2025-11-10T18:10:07.546Z,Website,Null,Null,Null,5623008935,Bear,Pants,Released,4.0,5.0
B5CoOc3FKWRQkt5Ep/cdyA,7046194353,2025-11-10T16:34:22.917Z,Website,Null,Null,Null,5623008935,Bear,Pants,Released,4.0,5.0
Knkt8HWkAaZ4X95OeEwmxw,7342905216,2025-11-10T16:19:26.877Z,Website,Null,Null,Null,5623008935,Bear,Pants,Released,4.0,5.0
ltQaeDWQ6o7+qWgz23mNAg,4980444315,2025-11-10T16:06:17.422Z,Website,Null,Null,Null,5623008935,Bear,Pants,Released,4.0,5.0
KcHrhypritRA8+lVrRHNdg,7753577953,2025-11-10T15:58:50.532Z,Website,Null,Null,Null,5623008935,Bear,Pants,Released,4.0,5.0
9afcQDCzrGQorphdSjl6tg,5523235815,2025-11-10T15:18:47.291Z,Website,Null,Null,Null,5623008935,Bear,Pants,Released,4.0,5.0
zpITJVi3FMkHCqlAoEcTZA,2397578026,2025-11-10T13:27:34.983Z,Website,Null,Null,Null,5623008935,Bear,Pants,Released,4.0,5.0
HV3nMafa7xurBKEAzT8m2A,4919031816,2025-11-10T12:59:44.524Z,Website,Null,Null,Null,5623008935,Bear,Pants,Released,4.0,5.0
tugu50sxGlE/IT/RaYtzBg,8594315086,2025-11-10T08:33:35.310Z,Website,Null,Null,Null,5623008935,Bear,Pants,Released,4.0,5.0
SqMjAGEGLIU4PoELYu3y1g,4285146211,2025-11-10T02:43:54.922Z,Website,Null,Null,Null,5623008935,Bear,Pants,Released,4.0,5.0
DHC7uoYZTY+QSH2kEp3XLQ,3653227461,2025-11-10T02:29:56.842Z,Website,Null,Null,Null,5613646189,[🔥ORIGINAL🔥] Classic Shorts,Pants,Released,4.0,5.0
znGT5+KSar4mOZ8bhNivcQ,5391564761,2025-11-10T01:15:48.625Z,Website,Null,Null,Null,5623008935,Bear,Pants,Released,4.0,5.0
IVWcizXql9oZf6sNrTeHxA,4606514474,2025-11-10T01:12:44.140Z,Website,Null,Null,Null,5623008935,Bear,Pants,Released,4.0,5.0
/QviF68bsm5NwT6kDHF/1g,5574939226,2025-11-09T23:29:46.319Z,Website,Null,Null,Null,5623008935,Bear,Pants,Released,4.0,5.0
10OdSE9veFalkgPMSBsnoQ,3088547909,2025-11-09T22:59:58.019Z,Website,Null,Null,Null,6067809533,Christmas split,Pants,Released,4.0,5.0
YrRYsaJ+mFxwOBGPyu6uFA,6180704752,2025-11-09T19:13:05.677Z,Website,Null,Null,Null,5623008935,Bear,Pants,Released,4.0,5.0
kQcsGD/iQ6uBKsxr8TYyzA,5429274987,2025-11-09T18:24:14.578Z,Website,Null,Null,Null,5623008935,Bear,Pants,Released,4.0,5.0
TxfKE70+7SW/Dn88Dc82nw,7485420955,2025-11-09T18:03:43.061Z,Website,Null,Null,Null,5623008935,Bear,Pants,Released,4.0,5.0
9Wl0opifQJPaaVTvCAEgEw,9534462639,2025-11-09T17:56:38.988Z,Website,Null,Null,Null,5623008935,Bear,Pants,Released,4.0,5.0
hw9skU2nFcutn6xmZP6asg,3022924140,2025-11-09T17:42:24.358Z,Website,Null,Null,Null,5623008935,Bear,Pants,Released,4.0,5.0
W1RkI/t/Nfd/VfWOYmQipQ,3906517968,2025-11-09T17:40:17.135Z,Website,Null,Null,Null,6067809533,Christmas split,Pants,Released,4.0,5.0
AxVU027KFkpuevLk4DIYmA,7753850883,2025-11-09T17:21:55.761Z,Website,Null,Null,Null,5623008935,Bear,Pants,Released,4.0,5.0
MyXNap/ZgeA3gjWYgN+Faw,9106041598,2025-11-09T17:07:08.299Z,Website,Null,Null,Null,5623008935,Bear,Pants,Released,4.0,5.0
Bs+s65BuVs8tF1P3Ajs0JQ,2288867156,2025-11-09T16:50:17.814Z,Website,Null,Null,Null,5623008935,Bear,Pants,Released,4.0,5.0
RwQljx/1lpAr3ZEbF62yVA,5849981908,2025-11-09T15:47:15.015Z,Website,Null,Null,Null,5623008935,Bear,Pants,Released,4.0,5.0
N8Kf/4psTOGFIXgsRJc+uA,8664402567,2025-11-09T15:37:44.828Z,Website,Null,Null,Null,5623008935,Bear,Pants,Released,4.0,5.0
B4h4kgkAtPx9SjnvX5nEMA,3762686016,2025-11-09T15:29:47.113Z,Game,7041939546,Null,Null,5626959369,Glow,Shirt,Released,3.0,5.0
YR+OH3R+15ExeQS/V7xYHw,4108030246,2025-11-09T15:24:14.962Z,Website,Null,Null,Null,6067809533,Christmas split,Pants,Released,4.0,5.0
yAIiNZtOlLEqxKlOEXYCpg,8576344441,2025-11-09T13:51:51.677Z,Website,Null,Null,Null,5623008935,Bear,Pants,Released,4.0,5.0
t9ZKa+u6Nw9rM4y/bd+LTA,5153790720,2025-11-09T13:45:32.679Z,Website,Null,Null,Null,5623008935,Bear,Pants,Released,4.0,5.0
PaJyhea0se28mRTfGOL47w,4945862091,2025-11-09T13:34:51.844Z,Website,Null,Null,Null,5623008935,Bear,Pants,Released,4.0,5.0
domw33OG7epu7Tzs0unb2A,5734790277,2025-11-09T10:54:43.254Z,Website,Null,Null,Null,5623008935,Bear,Pants,Released,4.0,5.0
R8nrQcz5cuw3LkfOAFnpEg,7824070526,2025-11-09T08:49:14.321Z,Website,Null,Null,Null,6067809533,Christmas split,Pants,Released,4.0,5.0
6LZWk3R/zt3XrkCNAbl/lg,7511680832,2025-11-09T08:04:24.612Z,Website,Null,Null,Null,5623008935,Bear,Pants,Released,4.0,5.0
MWL5Lblzu7veZ3aEv/+pTg,3755527092,2025-11-09T02:34:56.377Z,Website,Null,Null,Null,5623008935,Bear,Pants,Released,4.0,5.0
/k491vl1YbpGdcxZHcQXrg,9383691573,2025-11-09T01:06:48.582Z,Website,Null,Null,Null,5623008935,Bear,Pants,Released,4.0,5.0
SR0TZ+dE4ylh56ZkDBPdzA,5204185256,2025-11-09T01:02:44.260Z,Website,Null,Null,Null,5623008935,Bear,Pants,Released,4.0,5.0
Md5MC0xLNxtloaI2tmJXWA,7527358084,2025-11-08T23:57:01.299Z,Website,Null,Null,Null,5623008935,Bear,Pants,Released,4.0,5.0
jq+9CPcCekqGM1Cr5fUnyQ,3236134441,2025-11-08T23:06:12.738Z,Website,Null,Null,Null,5623008935,Bear,Pants,Released,4.0,5.0
oKhmowIh1k4yVhzYZIs/rw,5637181262,2025-11-08T21:46:09.074Z,Website,Null,Null,Null,5623008935,Bear,Pants,Released,4.0,5.0
bnQc7A+WwSzgxCypG6JOOQ,9168737700,2025-11-08T21:40:14.042Z,Website,Null,Null,Null,5623008935,Bear,Pants,Released,4.0,5.0
qXC8t+Af2Ltq1qs1sscNCQ,4787070599,2025-11-08T21:15:50.905Z,Website,Null,Null,Null,5623008935,Bear,Pants,Released,4.0,5.0
hB2BYHTjM+jGz9g+WKhNGQ,9283918992,2025-11-08T20:54:15.482Z,Website,Null,Null,Null,5623008935,Bear,Pants,Released,4.0,5.0
Vq8rnyOZZtF9BfDUM/PrFg,8006089666,2025-11-08T20:07:18.575Z,Website,Null,Null,Null,5623008935,Bear,Pants,Released,4.0,5.0
5NewhsdTiSp9M6LoimYPSQ,4816220308,2025-11-08T19:48:15.362Z,Website,Null,Null,Null,5623008935,Bear,Pants,Released,4.0,5.0
77PWF1nSFBttqvsVdvpzDA,7691648073,2025-11-08T19:13:55.555Z,Website,Null,Null,Null,5623008935,Bear,Pants,Released,4.0,5.0
CrpkSfHmNeh9gQRcetALag,7256901955,2025-11-08T19:09:14.262Z,Website,Null,Null,Null,6067809533,Christmas split,Pants,Released,4.0,5.0
5L8sS7+IAx+CcD9ril83eA,8945103357,2025-11-08T18:54:08.360Z,Website,Null,Null,Null,5623008935,Bear,Pants,Released,4.0,5.0
j4isjGkIyE8wgTaNfI/bmA,7072661261,2025-11-08T18:45:28.875Z,Website,Null,Null,Null,5623008935,Bear,Pants,Released,4.0,5.0
kQDqEsSKwNq5fvzJGCNBqw,7755455011,2025-11-08T18:00:15.073Z,Website,Null,Null,Null,5623008935,Bear,Pants,Released,4.0,5.0
siA32pqWYFEZ0pZjh4HYgQ,5636161110,2025-11-08T17:45:47.427Z,Website,Null,Null,Null,5623008935,Bear,Pants,Released,4.0,5.0
uFmLF0dV4dog/+1nSLDnMw,7483948233,2025-11-08T17:18:35.850Z,Website,Null,Null,Null,5623008935,Bear,Pants,Released,4.0,5.0
oBzxgABMFkVGdrQDbITD3g,5224653495,2025-11-08T16:49:08.342Z,Website,Null,Null,Null,5623008935,Bear,Pants,Released,4.0,5.0
LNM37ntP0tXxXr2J3mWPhw,9360536139,2025-11-08T16:20:49.565Z,Website,Null,Null,Null,5623008935,Bear,Pants,Released,4.0,5.0
wHvrOssgW/t6imVSjQzuxw,5466041059,2025-11-08T15:46:43.355Z,Website,Null,Null,Null,5623008935,Bear,Pants,Released,4.0,5.0
WFeIeh+1/ZhX1PBM6DBpXw,5396113009,2025-11-08T15:36:14.998Z,Website,Null,Null,Null,5623008935,Bear,Pants,Released,4.0,5.0
aCOatXFwoJTpprK+AYz9qw,7262453306,2025-11-08T15:32:46.400Z,Website,Null,Null,Null,5623008935,Bear,Pants,Released,4.0,5.0
r/IXj7aRg/kQyDSQDDWL3w,7335251276,2025-11-08T14:09:41.971Z,Website,Null,Null,Null,5623008935,Bear,Pants,Released,4.0,5.0
wIV6/dRKFAthUJb7TBug+w,4083089417,2025-11-08T13:39:57.711Z,Website,Null,Null,Null,5750286497,Halloween cloth 10,Pants,Released,4.0,5.0
aXVUvgiLo2DRsIbUgLoahw,6012656087,2025-11-08T13:29:35.152Z,Website,Null,Null,Null,5623008935,Bear,Pants,Released,4.0,5.0
SS3w+t0uQSHg1x2fkyIpdA,7855281770,2025-11-08T13:11:05.723Z,Website,Null,Null,Null,5623008935,Bear,Pants,Released,4.0,5.0
QnzGG4ngOmYNmBtn2N0NpA,7711037523,2025-11-08T12:46:07.445Z,Game,11765402359,Null,Null,5623008935,Bear,Pants,Released,3.0,5.0
XCJWwSxYySNiO5982nArSg,7162682848,2025-11-08T12:41:12.881Z,Website,Null,Null,Null,5623008935,Bear,Pants,Released,4.0,5.0
7T6QHmQSTopf1LKFD9cF8Q,3955025828,2025-11-08T12:27:56.836Z,Website,Null,Null,Null,5623008935,Bear,Pants,Released,4.0,5.0
ZZCftnt1qXgH631OUH225A,4199023403,2025-11-08T10:39:13.880Z,Website,Null,Null,Null,5623008935,Bear,Pants,Released,4.0,5.0
+gA8pe7wYXOJk9lbjn/88A,1793210199,2025-11-08T10:04:37.148Z,Website,Null,Null,Null,5623008935,Bear,Pants,Released,4.0,5.0
UL/EU3Y9S0LW31xUbJn0IQ,5583841332,2025-11-08T03:57:46.660Z,Website,Null,Null,Null,5623008935,Bear,Pants,Released,4.0,5.0
UTI65GQSTdaq6SIOAfw4IA,7972916240,2025-11-08T03:14:04.821Z,Website,Null,Null,Null,5623008935,Bear,Pants,Released,4.0,5.0
PoAeQq7rLSHee5OzVwDstg,3561611157,2025-11-08T02:48:34.064Z,Website,Null,Null,Null,5623008935,Bear,Pants,Released,4.0,5.0
uND+OsVIJVD9iZibaXETRw,7287005706,2025-11-08T01:56:00.721Z,Website,Null,Null,Null,5623008935,Bear,Pants,Released,4.0,5.0
zpr11asDmnvKzlxAozhP1Q,4299517979,2025-11-08T01:39:18.006Z,Website,Null,Null,Null,5623008935,Bear,Pants,Released,4.0,5.0
vR4nHJb8YlX2J7GtiF39lw,4331933189,2025-11-08T00:33:27.633Z,Website,Null,Null,Null,5623008935,Bear,Pants,Released,4.0,5.0
muhgxD9gOsBbyGq4MSF8ew,4252897741,2025-11-07T23:30:44.321Z,Website,Null,Null,Null,5623008935,Bear,Pants,Released,4.0,5.0
gupuC6Rg8hyhh8vtRslifA,5520634808,2025-11-07T23:16:00.258Z,Website,Null,Null,Null,5623008935,Bear,Pants,Released,4.0,5.0
BMmtGNtTLe1ZhPBILe7dDQ,9896513577,2025-11-07T22:32:27.296Z,Website,Null,Null,Null,5623008935,Bear,Pants,Released,4.0,5.0
w3rKD3AMJDew3dOhiDaEyA,6098423687,2025-11-07T22:08:47.771Z,Website,Null,Null,Null,5653618537,Hybrid Slime glamour green,Pants,Released,4.0,5.0
sp19oiS2RS0YykCYpe21mA,5292782772,2025-11-07T22:07:19.271Z,Website,Null,Null,Null,5623008935,Bear,Pants,Released,4.0,5.0
Js8snNKWsh7plhLAzlX6Cw,5078767845,2025-11-07T21:30:45.131Z,Website,Null,Null,Null,5623008935,Bear,Pants,Released,4.0,5.0
tNUStnYw5sFgSNeyBJiL4g,2853783631,2025-11-07T19:53:22.554Z,Website,Null,Null,Null,5623008935,Bear,Pants,Released,4.0,5.0
5hUVP8fgd07iT97iNbBPnw,6195746002,2025-11-07T17:35:47.399Z,Website,Null,Null,Null,5623008935,Bear,Pants,Released,4.0,5.0
H7Tz45NPTQ+aDIG3Az/lAw,9380658271,2025-11-07T17:04:00.020Z,Website,Null,Null,Null,5623008935,Bear,Pants,Released,4.0,5.0
mMrNG52PY/EiNq3uMEVK0w,3874232379,2025-11-07T16:59:57.828Z,Website,Null,Null,Null,5623008935,Bear,Pants,Released,4.0,5.0
Ije3nBobKCkqb0prR4y8uA,7730529622,2025-11-07T16:28:27.067Z,Website,Null,Null,Null,5623008935,Bear,Pants,Released,4.0,5.0
QKB3pxNl+A68wxQFDyiBig,9034325874,2025-11-07T15:07:46.431Z,Website,Null,Null,Null,5623008935,Bear,Pants,Released,4.0,5.0
XzZ/CyDIZTnifTJPsEu5sA,3203781952,2025-11-07T11:48:52.983Z,Website,Null,Null,Null,5623008935,Bear,Pants,Released,4.0,5.0
N/TNn7XFdwl+TKx/RrYNIg,4726319918,2025-11-07T11:34:17.589Z,Website,Null,Null,Null,5623008935,Bear,Pants,Released,4.0,5.0
NEiPW9nzG7r2nZ+gMaGnvA,8996205789,2025-11-07T11:04:56.352Z,Website,Null,Null,Null,5623008935,Bear,Pants,Released,4.0,5.0
Ynld3nzZW8HdhQDMUMj9GQ,8136379285,2025-11-07T08:30:44.042Z,Website,Null,Null,Null,5623008935,Bear,Pants,Released,4.0,5.0
QI98TskoSPFZ4KjF5EKZig,8406541795,2025-11-07T06:45:10.344Z,Website,Null,Null,Null,5623008935,Bear,Pants,Released,4.0,5.0
Zxr51F7LhMDuymQwPN5Tzg,4089495466,2025-11-07T02:43:06.782Z,Website,Null,Null,Null,5623008935,Bear,Pants,Released,4.0,5.0
nmRzhSlFplJF92ZSlblvzg,7981916018,2025-11-07T00:15:57.582Z,Website,Null,Null,Null,5623008935,Bear,Pants,Released,4.0,5.0
H687jep+8Qk1MxEk6AOj2w,6026064891,2025-11-06T23:25:49.176Z,Website,Null,Null,Null,5623008935,Bear,Pants,Released,4.0,5.0
J3EeRRBKQxxdHDYoaxmkMA,8021437561,2025-11-06T23:23:26.247Z,Website,Null,Null,Null,5623008935,Bear,Pants,Released,4.0,5.0
jVkz8tOZNuaA/3kD3PY7nQ,7064182672,2025-11-06T22:30:24.316Z,Website,Null,Null,Null,5623008935,Bear,Pants,Released,4.0,5.0
IrKZRUNG4JAoCQ65E4EmPQ,1900546906,2025-11-06T21:10:02.229Z,Website,Null,Null,Null,5623008935,Bear,Pants,Released,4.0,5.0
BkxyqBhAlEfR5UzrL4zcxA,5019573420,2025-11-06T19:29:37.207Z,Game,4924922222,Null,Null,5623008935,Bear,Pants,Released,3.0,5.0
+KMO3kqEt0yrmXH3i9nuQg,5528220426,2025-11-06T19:06:53.084Z,Website,Null,Null,Null,5623008935,Bear,Pants,Released,4.0,5.0
yY10FwrFmRtkyD2dp2fETQ,7711002004,2025-11-06T18:59:03.026Z,Website,Null,Null,Null,5589420175,[SKYLINE CASUAL] Expensive Rose Skirt w/lace,Pants,Released,4.0,5.0
bol8Wdgrl2jtJ2GKb4s12A,7910544495,2025-11-06T16:42:27.172Z,Website,Null,Null,Null,5623008935,Bear,Pants,Released,4.0,5.0
tdDjs6fjZ0NERF8cQB3erQ,6063103176,2025-11-06T16:07:13.493Z,Website,Null,Null,Null,5623008935,Bear,Pants,Released,4.0,5.0
sWL81D+UoFGgSeEvJ4QKww,4067105101,2025-11-06T16:04:27.279Z,Website,Null,Null,Null,5623008935,Bear,Pants,Released,4.0,5.0
ULQdM1a/vS5WRC6zh1g3kQ,5541047540,2025-11-06T15:48:27.041Z,Website,Null,Null,Null,5623008935,Bear,Pants,Released,4.0,5.0
voDaReDAlD/wmEmiEgtX6Q,7683325891,2025-11-06T07:38:42.541Z,Website,Null,Null,Null,5623008935,Bear,Pants,Released,4.0,5.0
TolNRj7KTJTMDyctA7m99A,7871531630,2025-11-06T04:38:58.490Z,Website,Null,Null,Null,5623008935,Bear,Pants,Released,4.0,5.0
k8hNPtWF7N9erURZczCjVQ,5826269963,2025-11-06T03:09:27.779Z,Website,Null,Null,Null,5623008935,Bear,Pants,Released,4.0,5.0
oNlcYYK4VxuwPaKLggMPcA,3369565816,2025-11-06T01:05:29.994Z,Website,Null,Null,Null,5623008935,Bear,Pants,Released,4.0,5.0
NRM2ENtLCfUkur3Sv/4puQ,9098639594,2025-11-06T00:34:24.527Z,Website,Null,Null,Null,5623008935,Bear,Pants,Released,4.0,5.0
GVgTJp70FMO3xjOTDEdd2w,9792925906,2025-11-05T22:28:27.237Z,Website,Null,Null,Null,5623008935,Bear,Pants,Released,4.0,5.0
pIZpONvAHsswjntmlIh2Pg,6093829613,2025-11-05T21:25:57.851Z,Game,113578100991194,Null,Null,5623008935,Bear,Pants,Released,3.0,5.0
sOSmPmC5dor2Kj0+OwF5gg,2325946455,2025-11-05T17:17:10.763Z,Website,Null,Null,Null,5623008935,Bear,Pants,Released,4.0,5.0
jwaegfW+dcMNiXN1rsIFwQ,7123969538,2025-11-05T16:08:35.931Z,Website,Null,Null,Null,5623008935,Bear,Pants,Released,4.0,5.0
fJwbZFQWJmRNO26a8g7A9w,7430626560,2025-11-05T14:48:25.444Z,Website,Null,Null,Null,5623008935,Bear,Pants,Released,4.0,5.0
9JuA2LgcuL0KjDVgegV7PA,9884867587,2025-11-05T13:45:25.402Z,Game,7041939546,Null,Null,5623008935,Bear,Pants,Released,3.0,5.0
dglvbSbwxmLJDQwzs4ZSsg,8468432851,2025-11-05T13:29:55.161Z,Website,Null,Null,Null,5623008935,Bear,Pants,Released,4.0,5.0
Aswcd4s34zhiV4aIwhPzog,2408837746,2025-11-05T10:47:01.647Z,Website,Null,Null,Null,5623008935,Bear,Pants,Released,4.0,5.0
cTqosDc7HN8LvX7CGl0u6w,7905664984,2025-11-05T07:05:33.313Z,Website,Null,Null,Null,5623008935,Bear,Pants,Released,4.0,5.0
QMSCT89++KuooSvyetbXWg,9513794634,2025-11-05T06:21:58.112Z,Website,Null,Null,Null,5615989114,[🔥ORIGINAL🔥] Emotions,Shirt,Released,4.0,6.0
A39OP5KIXfdH7jp95xONPQ,3204726182,2025-11-05T01:28:26.564Z,Website,Null,Null,Null,5623008935,Bear,Pants,Released,4.0,5.0
JGqkEzTK5yYa8oHY7UpPmg,8898058090,2025-11-04T23:20:57.794Z,Website,Null,Null,Null,5623008935,Bear,Pants,Released,4.0,5.0
KE6M03DOnX4V1JAKOUoOtQ,5044707019,2025-11-04T22:48:39.753Z,Website,Null,Null,Null,5623008935,Bear,Pants,Released,4.0,5.0
ktyL/vBs9aPEFZosXKaXpA,4793306400,2025-11-04T19:22:24.672Z,Website,Null,Null,Null,5623008935,Bear,Pants,Released,4.0,5.0
XxDKz1h0fUZK7+3s14MWXg,694036984,2025-11-04T19:04:39.473Z,Website,Null,Null,Null,5623008935,Bear,Pants,Released,4.0,5.0
42621tlJsbvAO0fbZ833eQ,5516014832,2025-11-04T18:59:18.526Z,Website,Null,Null,Null,5623008935,Bear,Pants,Released,4.0,5.0
G/IsoOwfgGoqN4U6tO28lg,2385408671,2025-11-04T18:13:11.741Z,Website,Null,Null,Null,5623008935,Bear,Pants,Released,4.0,5.0
1SqBmRD7wa5gTJeqbC7Y/A,7774068412,2025-11-04T17:57:47.654Z,Website,Null,Null,Null,5623008935,Bear,Pants,Released,4.0,5.0
NJt/sgRgPj9RzdBEujsbRA,8475098667,2025-11-04T14:27:28.643Z,Website,Null,Null,Null,5623008935,Bear,Pants,Released,4.0,5.0
Y/RZ020fhKRcz2EMbUQU4Q,4063952921,2025-11-04T14:07:14.734Z,Website,Null,Null,Null,5623008935,Bear,Pants,Released,4.0,5.0
mXqtIP77tzpguW3BvxAuoA,7013645122,2025-11-04T09:55:08.491Z,Website,Null,Null,Null,5623008935,Bear,Pants,Released,4.0,5.0
N+vszVYI4aJiP0AYFCCyhA,2572963400,2025-11-04T07:50:12.377Z,Website,Null,Null,Null,5623008935,Bear,Pants,Released,4.0,5.0
zNFrnXPPNv7emPmdMxvJFQ,3041418763,2025-11-04T05:57:44.098Z,Website,Null,Null,Null,5623008935,Bear,Pants,Released,4.0,5.0
M9AwTVHBn85sa1A/vjEFgg,2416743407,2025-11-04T02:17:25.709Z,Website,Null,Null,Null,5623008935,Bear,Pants,Released,4.0,5.0
3KD32efSIyqNfmcV0JCTnA,7136016150,2025-11-04T00:08:50.107Z,Website,Null,Null,Null,5623008935,Bear,Pants,Released,4.0,5.0
Po7e0PBIFFmP+pawWM6lCA,2796470689,2025-11-04T00:04:34.322Z,Website,Null,Null,Null,5623008935,Bear,Pants,Released,4.0,5.0
d9W7PdVbNkLMtD1OR6GR4w,7307350108,2025-11-04T00:00:13.219Z,Website,Null,Null,Null,5623008935,Bear,Pants,Released,4.0,5.0
FfDQNnyvbdlUSw8ySglGvg,7634716511,2025-11-03T22:59:13.671Z,Website,Null,Null,Null,5623008935,Bear,Pants,Released,4.0,5.0
bCNBE7SxlhlHtLhOBOswwA,8445555634,2025-11-03T21:36:46.668Z,Website,Null,Null,Null,5623008935,Bear,Pants,Released,4.0,5.0
YWy76ZkEpLfIubzyPMAlWw,4900779893,2025-11-03T21:15:57.353Z,Website,Null,Null,Null,5623008935,Bear,Pants,Released,4.0,5.0
afsjDvV089+gjPUQwGJRwg,5641485612,2025-11-03T18:18:00.753Z,Website,Null,Null,Null,5623008935,Bear,Pants,Released,4.0,5.0
Vn0upNgxHCc1zHe8Ypu/1w,9754677651,2025-11-03T18:08:56.471Z,Website,Null,Null,Null,5623008935,Bear,Pants,Released,4.0,5.0
q+Kfl/CL/tT5oXMSs+Ubjw,8165301012,2025-11-03T17:50:03.297Z,Website,Null,Null,Null,5623008935,Bear,Pants,Released,4.0,5.0
c+MhyL5IUhOWrfjgBmcICQ,5415622009,2025-11-03T17:30:33.494Z,Website,Null,Null,Null,5623008935,Bear,Pants,Released,4.0,5.0
k1OQqd13rz2DyU6PbzTKDg,9301308459,2025-11-03T17:18:10.238Z,Website,Null,Null,Null,5623008935,Bear,Pants,Released,4.0,5.0
PCAmwEm3rmtHak1PYk1/dQ,5453761983,2025-11-03T16:25:49.821Z,Website,Null,Null,Null,5623008935,Bear,Pants,Released,4.0,5.0
bjkBB1gI4JbASZmMzjbUIg,4088855425,2025-11-03T15:57:29.448Z,Website,Null,Null,Null,5623008935,Bear,Pants,Released,4.0,5.0
rOhOZQ6V+hhGD6Bk+fcfAw,4863757302,2025-11-03T12:48:01.186Z,Website,Null,Null,Null,5623008935,Bear,Pants,Released,4.0,5.0
Bc0MzspyRMqhO1BLqPP85Q,8566186932,2025-11-03T09:30:26.293Z,Website,Null,Null,Null,5623008935,Bear,Pants,Released,4.0,5.0
YhOABOxk2j6EftOEwS6IBg,7023096492,2025-11-03T07:33:08.003Z,Website,Null,Null,Null,5623008935,Bear,Pants,Released,4.0,5.0
2nPmiX4A6SayJ9NZ7YvXdQ,4470027827,2025-11-03T02:03:46.895Z,Website,Null,Null,Null,5550654500,[SKYLINE MUSIC] Beat Shirt,Shirt,Released,4.0,5.0
nY10Ae/z+zN1UjaNeLxKRw,7674012029,2025-11-03T00:23:19.774Z,Website,Null,Null,Null,5623008935,Bear,Pants,Released,4.0,5.0
GNHDiRrQVxIkV6DzYThdaw,8704622062,2025-11-02T23:57:02.982Z,Website,Null,Null,Null,5623008935,Bear,Pants,Released,4.0,5.0
z9jL1/hpXZGxyCT7/seCFQ,4846028401,2025-11-02T20:10:07.089Z,Website,Null,Null,Null,5623008935,Bear,Pants,Released,4.0,5.0
7aB4pVjWgGK3EEwqKplL5w,9845142541,2025-11-02T19:19:37.689Z,Website,Null,Null,Null,5623008935,Bear,Pants,Released,4.0,5.0
P3xeCZG2XwLILhzccn41wg,3614298051,2025-11-02T19:18:22.091Z,Website,Null,Null,Null,5623008935,Bear,Pants,Released,4.0,5.0
vHgGkDMRWat2ZUIYqyeHtA,7797048061,2025-11-02T19:01:11.698Z,Website,Null,Null,Null,5623008935,Bear,Pants,Released,4.0,5.0
ebiSi21IKL8Y3g0gKgyGYg,3068269008,2025-11-02T18:34:35.671Z,Website,Null,Null,Null,5623008935,Bear,Pants,Released,4.0,5.0
OzBvqYnsMdOMJrJLEN7Gjw,4555487907,2025-11-02T18:32:35.746Z,Website,Null,Null,Null,5623008935,Bear,Pants,Released,4.0,5.0
i3XtnGIDDuPDUiilKbRPWQ,9329566732,2025-11-02T18:12:18.657Z,Website,Null,Null,Null,5623008935,Bear,Pants,Released,4.0,5.0
TeCPsBqFsuQYTzie7MaTFg,395875034,2025-11-02T18:04:38.880Z,Website,Null,Null,Null,5623008935,Bear,Pants,Released,4.0,5.0
FsBV5euMRxO2K+ssW1mdDw,7363116945,2025-11-02T17:20:13.099Z,Website,Null,Null,Null,5615989114,[🔥ORIGINAL🔥] Emotions,Shirt,Released,4.0,6.0
nsRFSKZOHeCVF/syZkVcKw,2361188885,2025-11-02T16:44:30.911Z,Website,Null,Null,Null,5623008935,Bear,Pants,Released,4.0,5.0
kSbXQpa9CgE5cPXVkayyMw,5238053395,2025-11-02T16:40:44.951Z,Website,Null,Null,Null,5623008935,Bear,Pants,Released,4.0,5.0
yiBUX/iwPTq0A7K4WQ7P+Q,5574348832,2025-11-02T16:40:14.416Z,Website,Null,Null,Null,5623008935,Bear,Pants,Released,4.0,5.0
rtT6JXeDGp0GboaPaCGBKw,4827979677,2025-11-02T16:34:33.598Z,Website,Null,Null,Null,5623008935,Bear,Pants,Released,4.0,5.0
XoWpLd/QwjnxpA/GZQsuzw,7774404647,2025-11-02T16:23:19.621Z,Website,Null,Null,Null,5623008935,Bear,Pants,Released,4.0,5.0
W5TMVICJvKNyhHBNZREySg,4491952168,2025-11-02T16:03:37.532Z,Website,Null,Null,Null,5623008935,Bear,Pants,Released,4.0,5.0
mKxa5Fh49GBYaLGK6RMAmQ,9855364185,2025-11-02T15:15:33.845Z,Website,Null,Null,Null,5623008935,Bear,Pants,Released,4.0,5.0
s1L5bsrb3tcBLAPsVpsDhw,1697115752,2025-11-02T14:20:22.005Z,Game,7041939546,Null,Null,5623008935,Bear,Pants,Released,3.0,5.0
4wd/wTtfB8Vn5l3kWH/eeA,5576752821,2025-11-02T13:20:50.989Z,Website,Null,Null,Null,5623008935,Bear,Pants,Released,4.0,5.0
loolpcMugKw4hsr0e1tHWA,9840920412,2025-11-02T11:38:11.477Z,Website,Null,Null,Null,5623008935,Bear,Pants,Released,4.0,5.0
Lwh2+QPYhbuEVYHuQWCQnQ,4514954573,2025-11-02T10:18:12.118Z,Website,Null,Null,Null,5623008935,Bear,Pants,Released,4.0,5.0
warM5RABjs5ebYKP8fxIFQ,9859607478,2025-11-02T10:11:51.203Z,Website,Null,Null,Null,5623008935,Bear,Pants,Released,4.0,5.0
R3YHmtILOlW4O+v5SOlb5A,8579562823,2025-11-02T09:46:22.082Z,Website,Null,Null,Null,5623008935,Bear,Pants,Released,4.0,5.0
7GSXc0gyMENuERhantm2aA,5600440885,2025-11-02T03:39:48.908Z,Website,Null,Null,Null,5623008935,Bear,Pants,Released,4.0,5.0
yTszoh/Pdmb4xNVBnIkncQ,9724431372,2025-11-02T02:20:24.458Z,Website,Null,Null,Null,5623008935,Bear,Pants,Released,4.0,5.0
JkMgXdIojpnMnfhcXIO9jA,3478175879,2025-11-02T02:01:19.451Z,Website,Null,Null,Null,5623008935,Bear,Pants,Released,4.0,5.0
rQlwiLJuYQNZq0Mh/NAcAQ,5054631700,2025-11-02T01:50:21.848Z,Website,Null,Null,Null,5623008935,Bear,Pants,Released,4.0,5.0
6ptT8CJnJDv+KMou/I/jaA,5648341411,2025-11-02T01:03:20.936Z,Website,Null,Null,Null,5623008935,Bear,Pants,Released,4.0,5.0
WwWCAQ44/6VqpdqKz9HBIA,5076680961,2025-11-02T00:02:13.991Z,Website,Null,Null,Null,5623008935,Bear,Pants,Released,4.0,5.0
RDLqgS0pxGA7OaKgtgyN+A,5370814858,2025-11-01T22:52:29.780Z,Game,7041939546,Null,Null,5623008935,Bear,Pants,Released,3.0,5.0
5TYBJf1fLyZsFzGLqgpkWA,7912218279,2025-11-01T22:40:45.353Z,Website,Null,Null,Null,5623008935,Bear,Pants,Released,4.0,5.0
dF1Z9nckm1D75RWF5oHITQ,9073717288,2025-11-01T22:20:20.074Z,Website,Null,Null,Null,5623008935,Bear,Pants,Released,4.0,5.0
zZZvSg3FcGpESzoxtGg3sA,2326519951,2025-11-01T22:12:27.447Z,Game,7041939546,Null,Null,5623008935,Bear,Pants,Released,3.0,5.0
m9gCSe7jiVyKtpfVkavsqg,3235291328,2025-11-01T20:36:53.815Z,Website,Null,Null,Null,5623008935,Bear,Pants,Released,4.0,5.0
x/T+H55Up4S/Om5/g9LDsA,8091679326,2025-11-01T20:17:20.657Z,Website,Null,Null,Null,5623008935,Bear,Pants,Released,4.0,5.0
hYWibEJYeKRWPtf1A3kmLg,7770319510,2025-11-01T19:52:25.497Z,Website,Null,Null,Null,5623008935,Bear,Pants,Released,4.0,5.0
CuoA7hZBq9wHUFzqavippQ,7312473636,2025-11-01T19:27:07.620Z,Website,Null,Null,Null,5613942423,Royal Blue Semi off-shoulder,Shirt,Released,4.0,5.0
R5GL4/5vwLHhFXSfUezptw,7382731282,2025-11-01T18:32:41.318Z,Website,Null,Null,Null,5623008935,Bear,Pants,Released,4.0,5.0
wfq9ymWAubh6GNf/A8UPnw,8087903995,2025-11-01T18:24:20.507Z,Website,Null,Null,Null,5623008935,Bear,Pants,Released,4.0,5.0
R2WlVVRaFZFW/IXuJ4nZ6w,8931450348,2025-11-01T17:32:02.427Z,Website,Null,Null,Null,5623008935,Bear,Pants,Released,4.0,5.0
f0gBR2k3ZQPnzgFTbOpXaQ,8081215275,2025-11-01T17:06:58.829Z,Website,Null,Null,Null,5623008935,Bear,Pants,Released,4.0,5.0
5cVJYmf+zs5imPflR6xvLg,8003447371,2025-11-01T16:35:26.524Z,Website,Null,Null,Null,5623008935,Bear,Pants,Released,4.0,5.0
kWEl+GhS7FS/iV91AUfNog,4487674207,2025-11-01T15:57:46.550Z,Website,Null,Null,Null,5636311869,Blue sparkles,Shirt,Released,4.0,5.0
XeqLQ6fc378Q9pj2IkwhHQ,7806533306,2025-11-01T14:45:15.929Z,Website,Null,Null,Null,5623008935,Bear,Pants,Released,4.0,5.0
Dw1MKZyuptBc6AIfNWPlkw,5034237561,2025-11-01T14:44:31.625Z,Website,Null,Null,Null,5623008935,Bear,Pants,Released,4.0,5.0
TkaQjbPXi5MP4O+Gy9CEKA,5387747343,2025-11-01T14:38:43.332Z,Website,Null,Null,Null,5623008935,Bear,Pants,Released,4.0,5.0
dA6ROa6fJr1gavK2WqH6xA,612526435,2025-11-01T14:09:00.769Z,Website,Null,Null,Null,5623008935,Bear,Pants,Released,4.0,5.0
lAWj3+HsyKndL+8Ml3twNw,7910100991,2025-11-01T14:05:44.813Z,Website,Null,Null,Null,5623008935,Bear,Pants,Released,4.0,5.0
ExznTLIKbLUlmzbEOvhOhw,3385146371,2025-11-01T12:33:54.658Z,Website,Null,Null,Null,5623008935,Bear,Pants,Released,4.0,5.0
PIqKt1/jlLM5nGut3KRLHw,4150602879,2025-11-01T11:26:54.069Z,Website,Null,Null,Null,5623008935,Bear,Pants,Released,4.0,5.0
G/vUQdAzeaDKLTFw5jsf0Q,7988655147,2025-11-01T10:38:35.793Z,Website,Null,Null,Null,5623008935,Bear,Pants,Released,4.0,5.0
DGjVpscDFyXCRr2uvyWALg,4959118701,2025-11-01T09:57:48.439Z,Game,7041939546,Null,Null,5623008935,Bear,Pants,Released,3.0,5.0
T/6ml5Mznm7Ic3K/x1INmg,5662265175,2025-11-01T04:00:18.988Z,Website,Null,Null,Null,5636311869,Blue sparkles,Shirt,Released,4.0,5.0
90PkSGXS1icKWrAhSg4C4Q,5382466115,2025-11-01T02:11:51.450Z,Website,Null,Null,Null,5623008935,Bear,Pants,Released,4.0,5.0
3ABqbIJQfsW82cOqfrUXAw,5179060956,2025-11-01T01:20:39.494Z,Game,7554888362,Null,Null,5623008935,Bear,Pants,Released,3.0,5.0
pot1lnORhwI9rZFpQAhKmQ,7018598914,2025-11-01T00:11:39.255Z,Website,Null,Null,Null,5623008935,Bear,Pants,Released,4.0,5.0
